,id,duration,state
10,02ef35e6-c93d-4bf7-ab43-1fa3f1caa381,0 days 00:00:00.365000,POST_PROCESSING
10,f6a948ab-4c79-4fc8-ab62-2d45587373fc,0 days 00:00:00.417000,POST_PROCESSING
10,403f94f2-2b65-4bac-9696-ee047875a2a3,0 days 00:00:00.511000,POST_PROCESSING
10,9ffd1123-c27c-4c47-abe7-4ae7d0a0f8b4,0 days 00:00:00.521000,POST_PROCESSING
10,43b722eb-4b37-4a55-9afc-fa7045394f60,0 days 00:00:00.521000,POST_PROCESSING
