,id,duration,state
8,975e693f-0263-41fe-843b-ca9f36a791cf,0 days 00:00:29.163000,PIPELINE_PROCESSING
8,5d31b655-2081-4eab-8472-e8ee17bef0b1,0 days 00:00:31.056000,PIPELINE_PROCESSING
8,83ef626f-dc06-43d3-96ae-3c471c55e4f8,0 days 00:00:32.767000,PIPELINE_PROCESSING
8,6f7cd608-5ab5-4be8-ac83-ac6c4c8d4b4f,0 days 00:00:33.466000,PIPELINE_PROCESSING
8,2087bccb-4865-4284-ba72-9d6e412bbc33,0 days 00:00:36.138000,PIPELINE_PROCESSING
