,id,duration,state
5,403f94f2-2b65-4bac-9696-ee047875a2a3,0 days 00:00:04.478000,OCR_PROCESSING
5,83ef626f-dc06-43d3-96ae-3c471c55e4f8,0 days 00:00:04.980000,OCR_PROCESSING
5,02ef35e6-c93d-4bf7-ab43-1fa3f1caa381,0 days 00:00:05.557000,OCR_PROCESSING
5,49c27239-24a3-4dfb-a050-e8a2f26a56d6,0 days 00:00:06.194000,OCR_PROCESSING
5,f6a948ab-4c79-4fc8-ab62-2d45587373fc,0 days 00:00:06.382000,OCR_PROCESSING
