,id,duration,state
10,f307e133-9d0c-4345-a572-709f372f599f,0 days 00:00:02.206000,POST_PROCESSING
10,ac73bf19-884f-4919-bd31-82e6279747c2,0 days 00:00:02.236000,POST_PROCESSING
10,83e90160-a2b5-48a8-87da-4ed964e99c4f,0 days 00:00:02.344000,POST_PROCESSING
10,e9ff91b2-745a-4826-b3d5-7fc1330e62a3,0 days 00:00:02.656000,POST_PROCESSING
10,30b1491e-057a-45f8-974a-6b9c7e795860,0 days 00:00:03.511000,POST_PROCESSING
