,id,duration,state
9,25f57b1f-61fa-4086-ae7d-59dd55291fe6,0 days 00:00:00.001000,PIPELINE_FINISHED
9,11125f64-8982-4df5-898e-2ea8d9898f4d,0 days 00:00:00.002000,PIPELINE_FINISHED
9,07318f53-c230-4f62-a9d7-e60d1d6b03e9,0 days 00:00:00.002000,PIPELINE_FINISHED
9,a5a2e583-b774-408a-91f2-e80eff9ae74f,0 days 00:00:00.002000,PIPELINE_FINISHED
9,a460823f-ae9f-40af-b5ce-49ef523b62a2,0 days 00:00:00.002000,PIPELINE_FINISHED
