,id,duration,state
7,247cfa15-3c3b-40f3-a856-796182ca975e,0 days 00:00:00.001000,PRE_PROCESSING_FINISHED
7,a5a2e583-b774-408a-91f2-e80eff9ae74f,0 days 00:00:00.001000,PRE_PROCESSING_FINISHED
7,49c27239-24a3-4dfb-a050-e8a2f26a56d6,0 days 00:00:00.001000,PRE_PROCESSING_FINISHED
7,3bbad02e-74b8-415b-a618-cf320762301c,0 days 00:00:00.001000,PRE_PROCESSING_FINISHED
7,60929336-146e-486f-a7ae-8753dcf03393,0 days 00:00:00.001000,PRE_PROCESSING_FINISHED
