,id,duration,state
11,f83694e8-1a8b-4398-bf0d-e2b5631377c2,0 days 00:14:01.897000,DOCUMENT_PROCESSED
11,33dbdb31-54a3-4ce4-abb4-4deb045f94a7,0 days 00:14:10.558000,DOCUMENT_PROCESSED
11,daa3fd7e-ebdc-41c8-85b5-29551fe52af3,0 days 00:14:32.203000,DOCUMENT_PROCESSED
11,cfe3fde0-30a9-4c42-8711-ad69339d7c5b,0 days 00:14:45.110000,DOCUMENT_PROCESSED
11,ac73bf19-884f-4919-bd31-82e6279747c2,,DOCUMENT_PROCESSED
